DRE,Curso,nome,Genero,Data de nascimento,Altura,Peso,CRA,Credito,Renda
44844149,Fisica,Aarão Godinho,female,02/11/1986,172,74,72,147,group B
55117316,Filosofia,Aarão Regalado,female,29/10/1998,169,88,69,114,group C
407889556,Medicina,Aarão Teodoro,female,31/07/1980,190,93,90,55,group B
583150621,Medicina,Abel Villalobos,male,31/07/1980,147,44,47,83,group A
455022636,Filosofia,Abigail Athayde,male,31/07/1980,176,75,76,198,group C
819955474,Medicina,Abraão Vasconcellos,female,31/07/1980,171,78,71,130,group B
712349520,Filosofia,Abílio Covilhã,female,29/10/1998,188,92,88,31,group B
381865027,Filosofia,Abílio Imperial,male,31/07/1980,140,39,40,149,group B
414533,Engenharia,Adalberto Neto,male,29/10/1998,164,67,64,18,group D
947511071,Engenharia,Adalberto Pacheco,female,31/07/1980,138,50,38,36,group B
240610169,Medicina,Adelaide Saldanha,male,31/07/1980,158,52,58,34,group C
26270797,Medicina,Adelina Cortez,male,31/07/1980,140,43,40,5,group D
348401317,Medicina,Adelina César,female,31/07/1980,165,73,65,41,group B
554776878,Filosofia,Adelino Suaçuna,male,29/10/1998,178,70,78,82,group A
133740276,Matematica,Adolfo Azeredo,female,31/07/1980,150,58,50,143,group A
626238511,Quimica,Adolfo Beltrán,female,31/07/1980,169,78,69,150,group C
861612968,Engenharia,Adosindo Villaverde,male,31/07/1980,188,86,88,9,group C
937766405,Engenharia,Adriana Meneses,female,31/07/1980,118,28,18,76,group B
511844668,Matematica,Adão Passos,male,29/10/1998,146,46,46,93,group C
733266082,Medicina,Adérito Caldeira,female,31/07/1980,154,61,54,118,group C
446990762,Engenharia,Adérito Herrera,male,31/07/1980,166,63,66,85,group D
761456464,Filosofia,Adérito Vilar,female,29/10/1998,165,70,65,176,group B
608350574,Filosofia,Afonso Noronha,male,31/07/1980,144,53,44,33,group D
651006249,Quimica,Agostinho Quintanilha,female,31/07/1980,169,73,69,154,group C
49004688,Fisica,Aguinaldo Festas,male,29/10/1998,174,80,74,146,group D
921601778,Matematica,Alarico Lousada,male,31/07/1980,173,72,73,27,group A
443544217,Filosofia,Alberta Freixo,male,31/07/1980,169,55,69,196,group B
848040364,Fisica,Alberto Betancour,female,31/07/1980,167,75,67,86,group C
629218957,Engenharia,Alberto Guedella,male,31/07/1980,170,65,70,162,group C
524375157,Matematica,Alberto Vega,female,31/07/1980,162,75,62,25,group D
503086775,Filosofia,Albino Bulhões,female,31/07/1980,169,74,69,20,group D
640043131,Filosofia,Alceste Grande,female,31/07/1980,163,61,63,67,group B
73032137,Matematica,Alcides Assis,female,31/07/1980,156,65,56,194,group E
786231869,Filosofia,Alcides Farinha,male,31/07/1980,140,38,40,153,group D
813995744,Filosofia,Alda Cezar,male,31/07/1980,197,82,97,149,group E
118053671,Medicina,Alda Lameirinhas,male,29/10/1998,181,79,81,38,group E
969300978,Medicina,Aldonça Cabreira,female,31/07/1980,174,83,74,169,group D
169092129,Quimica,Aleixo Figueira,female,31/07/1980,150,59,50,153,group D
143586723,Medicina,Alexandre Gaspar,female,29/10/1998,175,88,75,136,group D
765387923,Medicina,Alexandre Mirandela,male,31/07/1980,157,57,57,47,group B
619690208,Medicina,Alicia Júdice,male,31/07/1980,155,54,55,179,group C
734881128,Medicina,Alicia Mieiro,female,31/07/1980,158,68,58,162,group C
786127192,Medicina,Alicia Quintais,female,31/07/1980,153,65,53,118,group B
327798572,Filosofia,Aline Cantanhede,male,29/10/1998,159,66,59,16,group B
951972942,Medicina,Almerinda Cervera,female,31/07/1980,150,54,50,18,group E
528661198,Medicina,Aluísio Felipe,male,31/07/1980,165,57,65,77,group B
547462752,Medicina,Alvito Pitanga,female,29/10/1998,155,62,55,79,group A
279807931,Engenharia,Alzira Montenegro,female,31/07/1980,166,76,66,110,group C
235139430,Medicina,Alípio Arruda,female,29/10/1998,157,76,57,48,group D
781035906,Engenharia,Alípio Carvalhoso,male,29/10/1998,182,82,82,171,group C
89633527,Filosofia,Amanda Simão,male,31/07/1980,153,48,53,143,group E
664710749,Medicina,Amália Remígio,male,29/10/1998,177,68,77,157,group E
624054776,Filosofia,Amália Santarém,male,31/07/1980,153,42,53,4,group C
858201609,Engenharia,Amália Sardinha,male,31/07/1980,188,75,88,87,group D
755506100,Quimica,Amália Tabosa,female,29/10/1998,171,87,71,36,group C
176563161,Engenharia,Amílcar Cabeça de Vaca,female,31/07/1980,133,43,33,11,group C
597538537,Medicina,Amílcar Eiró,female,29/10/1998,182,86,82,88,group E
181966677,Medicina,Ana Jucá,male,31/07/1980,152,49,52,25,group D
357704903,Filosofia,Ana Ríos,male,29/10/1998,158,58,58,52,group D
99544837,Quimica,Anabela Sales,female,31/07/1980,100,10,0,83,group C
296122798,Fisica,Anacleto Aleixo,male,29/10/1998,179,72,79,168,group E
792254564,Quimica,Andreia Portugal,male,31/07/1980,139,34,39,37,group A
186633938,Medicina,Andreoleto Tristão,male,31/07/1980,162,55,62,105,group A
123401689,Medicina,André Conceição,female,31/07/1980,169,71,69,12,group C
614377279,Quimica,Angelina Montenegro,female,31/07/1980,159,59,59,34,group D
831051616,Quimica,Angelino Reguera,male,31/07/1980,167,61,67,66,group B
669138007,Quimica,Angélica Barrocas,male,31/07/1980,145,37,45,33,group D
113246812,Filosofia,Angélico Amorín,female,31/07/1980,160,74,60,2,group C
657573300,Medicina,Angélico Santiago,male,31/07/1980,161,56,61,70,group B
989456471,Medicina,Anind Valim,female,31/07/1980,139,57,39,153,group C
692360459,Filosofia,Anna Alvarenga,female,29/10/1998,158,73,58,95,group D
627817086,Filosofia,Anna Pino,male,29/10/1998,163,63,63,172,group D
833591245,Medicina,Anselmo Castelão,female,31/07/1980,141,48,41,185,group A
878432454,Quimica,Anselmo Godoi,male,31/07/1980,161,56,61,20,group C
596611986,Quimica,Antero Lousada,male,31/07/1980,149,41,49,178,group C
352354405,Medicina,Antão Outeiro,male,31/07/1980,144,38,44,107,group B
418358665,Quimica,Antónia Alencar,male,31/07/1980,130,22,30,55,group E
359060486,Fisica,António Tavera,male,29/10/1998,180,81,80,53,group A
236573053,Quimica,António Vilarim,female,29/10/1998,161,72,61,153,group D
640599269,Matematica,Antônia Castelão,female,31/07/1980,162,68,62,47,group E
906739450,Medicina,Antônia Mont'Alverne,female,31/07/1980,147,50,47,141,group B
99534465,Engenharia,Antônio Domínguez,male,31/07/1980,149,45,49,187,group B
311910276,Filosofia,Antônio Galván,male,29/10/1998,150,54,50,160,group A
44956308,Medicina,Antônio Póvoas,male,31/07/1980,172,63,72,71,group E
840676877,Engenharia,Antônio Rabello,male,31/07/1980,142,34,42,127,group D
13837413,Filosofia,Aníbal Almeida,female,31/07/1980,173,82,73,87,group C
376394904,Filosofia,Aníbal Ornelas,female,31/07/1980,176,88,76,93,group C
54710169,Medicina,Apoena Cardin,female,31/07/1980,171,74,71,149,group D
92526304,Filosofia,Arachane Lacerda,female,31/07/1980,158,67,58,7,group A
780981041,Quimica,Arachane Pinhal,female,31/07/1980,173,82,73,107,group D
548869319,Fisica,Arachane Teves,female,31/07/1980,165,74,65,48,group C
259241955,Engenharia,Araribóia Lustosa,male,31/07/1980,127,36,27,110,group C
773896242,Engenharia,Arcidres Guilheiro,male,31/07/1980,171,71,71,198,group C
343887223,Medicina,Armanda Freiria,male,29/10/1998,143,50,43,112,group C
969915312,Filosofia,Armanda Garcez,female,31/07/1980,179,92,79,163,group B
806515332,Medicina,Arminda Tabares,male,29/10/1998,178,82,78,149,group C
38949053,Quimica,Artur Isla,male,29/10/1998,165,62,65,157,group B
143435015,Filosofia,Artur Vilariça,female,29/10/1998,163,70,63,184,group E
474835718,Filosofia,Astolfo Pimenta,female,31/07/1980,158,62,58,123,group D
336672816,Fisica,Augusta Viana,female,31/07/1980,165,62,65,139,group D
55995785,Filosofia,Aurélio Brum,male,31/07/1980,179,67,79,158,group B
855892440,Fisica,Baltasar Candeias,male,29/10/1998,168,74,68,81,group D
786568858,Medicina,Barnabé Noite,female,31/07/1980,185,89,85,40,group D
536402608,Engenharia,Bartira Murtinho,male,29/10/1998,160,47,60,66,group B
332351803,Filosofia,Belchior Beserra,male,29/10/1998,198,90,98,108,group C
570897012,Filosofia,Belchior Pimienta,female,31/07/1980,158,72,58,153,group C
771412848,Matematica,Belmiro Candeias,female,31/07/1980,187,100,87,10,group D
81806384,Medicina,Belmiro Castanheira,male,29/10/1998,166,64,66,172,group E
394803376,Medicina,Benedita Gameiro,female,31/07/1980,152,70,52,9,group B
672344782,Quimica,Benedito Salgado,female,31/07/1980,170,72,70,81,group B
945944870,Medicina,Bento Batata,female,29/10/1998,177,98,77,83,group D
15819486,Engenharia,Bento Capucho,male,31/07/1980,162,49,62,141,group C
551667766,Medicina,Bento Cardoso,male,31/07/1980,154,47,54,107,group A
165992952,Filosofia,Bento Higuera,female,31/07/1980,151,54,51,154,group D
475278328,Fisica,Berengária Feijó,female,29/10/1998,199,100,99,77,group E
540804482,Engenharia,Berengário Frois,male,31/07/1980,184,74,84,194,group C
92312293,Fisica,Bernardete Marañón,female,31/07/1980,175,82,75,6,group B
835276069,Fisica,Bernardete Sousa do Prado,female,31/07/1980,178,79,78,90,group D
360808198,Quimica,Bernardino Quinta,female,31/07/1980,151,61,51,134,group D
797760013,Filosofia,Boaventura Cachoeira,female,31/07/1980,155,65,55,124,group C
816130624,Fisica,Boaventura Guaraná,female,29/10/1998,179,89,79,66,group C
400781465,Medicina,Branca Paredes,male,29/10/1998,191,92,91,12,group B
379853526,Filosofia,Brenda Baranda,female,29/10/1998,188,93,88,116,group C
450656736,Engenharia,Bruno Miguel,male,31/07/1980,163,56,63,170,group D
225357646,Filosofia,Bruno Santana,male,31/07/1980,183,73,83,169,group E
809024860,Engenharia,Brás Verguero,female,31/07/1980,187,86,87,192,group B
610112730,Quimica,Bráulio Carvalhoso,male,31/07/1980,172,67,72,196,group B
797732688,Filosofia,Bráulio Gonçalves,male,29/10/1998,165,74,65,179,group D
64736364,Matematica,Bráulio Maia,male,31/07/1980,182,74,82,159,group D
882612362,Fisica,Burtira Cysneiros,female,31/07/1980,151,51,51,177,group A
48606379,Matematica,Bárbara Mont'Alverne,male,31/07/1980,189,82,89,167,group D
691150664,Quimica,Bárbara Viégas,male,29/10/1998,153,40,53,102,group C
145934011,Filosofia,Caetana Gallindo,male,29/10/1998,187,70,87,194,group E
826569962,Filosofia,Caetana Santiago,female,29/10/1998,175,84,75,24,group C
917788797,Fisica,Caetano Díaz,male,29/10/1998,174,75,74,180,group D
762240515,Fisica,Caio Capanema,male,31/07/1980,158,48,58,37,group C
555736788,Quimica,Camilo Ávila,male,29/10/1998,151,41,51,12,group B
504567983,Engenharia,Capitolina Cordero,male,31/07/1980,170,56,70,28,group E
740768657,Medicina,Capitolina Guará,female,31/07/1980,159,67,59,197,group C
321619599,Filosofia,Capitolino Castaño,male,29/10/1998,171,69,71,106,group D
414435301,Quimica,Capitolino Couto,female,31/07/1980,176,71,76,29,group D
973962024,Filosofia,Carina Querino,female,31/07/1980,159,64,59,77,group C
163085761,Filosofia,Carine León,female,29/10/1998,142,54,42,152,group E
831804702,Engenharia,Carla Meira,male,31/07/1980,157,47,57,99,group A
324446318,Filosofia,Carlos Acevedo,male,31/07/1980,188,78,88,98,group D
500018079,Filosofia,Carlos Bicalho,female,31/07/1980,122,33,22,106,group C
800249306,Quimica,Carlota Canedo,male,31/07/1980,188,75,88,185,group B
34499740,Medicina,Carlota Valiente,male,31/07/1980,173,66,73,121,group C
529098377,Fisica,Carmem Amarante,female,29/10/1998,168,81,68,45,group D
157384665,Medicina,Carolina Ochoa,male,29/10/1998,200,93,100,147,group E
98251090,Quimica,Casimiro Valido,male,29/10/1998,162,69,62,162,group A
655562811,Fisica,Catarina Belchior,male,31/07/1980,177,68,77,21,group A
587642580,Medicina,Catarina Canhão,female,29/10/1998,159,66,59,174,group B
170819732,Fisica,Catarina Quintana,male,31/07/1980,154,47,54,53,group D
308524381,Quimica,Catarina Vilarinho,male,31/07/1980,162,61,62,33,group D
107727500,Filosofia,Catarino Freyria,female,29/10/1998,170,88,70,120,group C
64931411,Engenharia,Catarino Gravato,female,29/10/1998,166,78,66,167,group E
347376103,Filosofia,Catarino Penteado,male,31/07/1980,160,60,60,48,group B
199327026,Medicina,Cauã Pinho,female,29/10/1998,161,87,61,1,group B
764473047,Medicina,Cauê Parafita,male,31/07/1980,166,64,66,178,group D
332842888,Medicina,Cauê Sant'Anna,male,29/10/1998,182,74,82,64,group B
308693633,Filosofia,Cecília Capucho,female,29/10/1998,175,85,75,146,group E
52285826,Matematica,Celestino Rebocho,male,31/07/1980,149,52,49,160,group B
188008398,Engenharia,Celso Cardozo,male,31/07/1980,152,49,52,137,group C
85408466,Matematica,Cid Castelhano,female,31/07/1980,181,91,81,193,group E
744742723,Fisica,Cidália Belmonte,female,29/10/1998,196,100,96,173,group C
825846175,Engenharia,Cidália Rangel,male,29/10/1998,153,51,53,59,group C
160155708,Matematica,Cidália Vilarinho,female,29/10/1998,158,78,58,49,group B
580737263,Engenharia,Clara Anhaia,female,29/10/1998,168,78,68,134,group B
579307791,Filosofia,Clara Camello,female,29/10/1998,167,70,67,97,group C
106629350,Engenharia,Clarindo Frois,male,29/10/1998,172,74,72,86,group A
486988836,Quimica,Clarindo Juruna,male,31/07/1980,194,78,94,81,group E
940211320,Filosofia,Clarindo Xavier,female,31/07/1980,179,81,79,175,group D
762695886,Medicina,Claudemira Ipiranga,female,31/07/1980,163,70,63,132,group C
615207387,Fisica,Claudemiro Rosario,female,29/10/1998,143,54,43,129,group C
326403033,Matematica,Claudemiro Valentín,female,29/10/1998,181,87,81,7,group C
59059389,Engenharia,Claudemiro Águeda,female,29/10/1998,146,58,46,57,group B
388600072,Medicina,Cleiton Garrau,female,29/10/1998,171,77,71,96,group C
584563373,Matematica,Cleiton Rebimbas,female,29/10/1998,152,62,52,174,group B
222361940,Quimica,Clementina Fortunato,female,29/10/1998,197,100,97,142,group D
812300011,Matematica,Cleusa Ferrão,male,29/10/1998,162,75,62,178,group C
969742953,Filosofia,Cleusa Gonsalves,female,31/07/1980,146,66,46,149,group C
287512898,Engenharia,Cleusa Peseiro,female,31/07/1980,150,47,50,31,group E
120388837,Medicina,Clotilde Gois,female,31/07/1980,165,70,65,66,group D
276176968,Quimica,Clotilde Pavía,male,29/10/1998,145,49,45,108,group C
870760,Medicina,Clotilde Trindade,male,29/10/1998,165,65,65,93,group C
353619867,Engenharia,Cláudia Avelar,male,31/07/1980,180,65,80,125,group E
385938760,Quimica,Cláudia Barros,male,29/10/1998,162,68,62,73,group D
627593234,Quimica,Cláudio Sesimbra,male,31/07/1980,148,45,48,195,group B
387864102,Fisica,Clóvis Mena,female,31/07/1980,177,87,77,140,group C
286648282,Medicina,Collin Caminha,female,31/07/1980,166,69,66,4,group E
250609086,Filosofia,Comecus Perdigón,male,29/10/1998,176,79,76,168,group D
232682480,Quimica,Conceição Fitas,female,31/07/1980,162,66,62,107,group B
928176303,Filosofia,Conrado Quintão,male,29/10/1998,177,62,77,166,group D
770348645,Matematica,Constantino Cambezes,female,29/10/1998,169,85,69,110,group C
170715978,Medicina,Constantino Palhares,male,31/07/1980,161,52,61,46,group D
190539730,Quimica,Constança Durán,male,29/10/1998,159,65,59,40,group C
790505992,Engenharia,Cora Marañón,male,31/07/1980,155,51,55,52,group E
933386303,Filosofia,Cora Sousa de Arronches,female,31/07/1980,145,55,45,45,group B
298584619,Fisica,Corina Toledo,female,31/07/1980,178,76,78,58,group B
259265673,Medicina,Crispim Gusmão,female,29/10/1998,167,86,67,132,group C
860555697,Filosofia,Crispim Rosário,female,31/07/1980,165,77,65,92,group D
733476060,Medicina,Cristiana Varão,male,31/07/1980,169,69,69,22,group C
638971535,Medicina,Cristina Jordão,female,31/07/1980,157,68,57,61,group B
658862212,Filosofia,Cássia Carvalhoso,male,31/07/1980,159,42,59,91,group C
894923552,Quimica,Cássio Ochoa,male,29/10/1998,174,78,74,99,group D
16295849,Fisica,Cândida Castelo Branco,male,31/07/1980,182,62,82,22,group E
491357393,Engenharia,Cândida Fróis,male,29/10/1998,181,76,81,30,group E
719149070,Filosofia,Célia Martínez,female,31/07/1980,174,76,74,16,group B
656620557,Filosofia,César Tigre,female,31/07/1980,158,66,58,67,group B
606509568,Quimica,Damião Cisneros,male,29/10/1998,180,79,80,28,group D
463419287,Filosofia,Damião Guaraná,male,31/07/1980,135,27,35,121,group C
720754808,Engenharia,Damião Leça,female,31/07/1980,142,60,42,3,group C
593401149,Medicina,Damião Sarmento,male,29/10/1998,160,56,60,169,group C
996237413,Engenharia,Danilo Aquino,male,29/10/1998,187,81,87,65,group E
681811428,Quimica,Danilo Paixão,male,29/10/1998,184,75,84,92,group B
563367702,Medicina,Danilo Sardina,female,29/10/1998,183,88,83,76,group E
164040198,Engenharia,Danilo Varão,female,31/07/1980,134,39,34,175,group C
810569416,Engenharia,David Mantas,male,31/07/1980,166,70,66,26,group B
823454010,Quimica,David Natal,male,29/10/1998,161,56,61,40,group B
87815331,Engenharia,David Quintela,female,29/10/1998,156,74,56,168,group D
617884537,Medicina,David Sánchez,male,31/07/1980,187,73,87,123,group B
250226203,Quimica,Delfim Beltrão,female,31/07/1980,155,62,55,152,group C
243849684,Quimica,Delfim Varão,male,31/07/1980,186,75,86,145,group D
977174274,Medicina,Delfina Seabra,female,29/10/1998,152,73,52,159,group B
889453109,Matematica,Denise Vellozo,female,31/07/1980,145,54,45,75,group E
138228424,Filosofia,Denise Zarco,female,31/07/1980,172,71,72,63,group C
788518005,Engenharia,Deolinda Azambuja,male,31/07/1980,157,54,57,189,group D
166993789,Quimica,Deolinda Silvestre,male,31/07/1980,168,64,68,145,group A
282554447,Filosofia,Deolinda Zalazar,female,29/10/1998,188,94,88,186,group C
30444121,Filosofia,Deolindo Novaes,male,31/07/1980,176,66,76,87,group D
839458126,Medicina,Diamantino Milheirão,male,31/07/1980,146,42,46,4,group C
605851189,Fisica,Diana Acuña,female,31/07/1980,167,83,67,167,group B
787335757,Quimica,Diana Paula,male,31/07/1980,192,78,92,188,group E
89141547,Fisica,Dina Gentil,male,29/10/1998,183,84,83,25,group C
770620456,Medicina,Dina Mattos,male,31/07/1980,180,77,80,175,group D
24838086,Fisica,Dinarte Benavides,male,31/07/1980,163,67,63,126,group D
198873574,Quimica,Dinarte Faro,female,29/10/1998,164,74,64,31,group D
64182036,Filosofia,Dinis Covelhã,male,31/07/1980,154,51,54,97,group B
264688330,Medicina,Dinis Paraguaçu,male,31/07/1980,184,80,84,164,group C
98210514,Engenharia,Dino Acuña,male,29/10/1998,173,66,73,54,group D
687360337,Fisica,Dino Baião,female,31/07/1980,180,83,80,164,group E
778246127,Engenharia,Diodete Carqueijeiro,female,31/07/1980,156,55,56,167,group D
878041019,Filosofia,Diogo Guedella,male,31/07/1980,159,43,59,31,group E
7318516,Quimica,Dionísio Cezar,male,31/07/1980,175,69,75,168,group D
107637846,Medicina,Dionísio Durão,male,31/07/1980,185,71,85,65,group C
970493372,Medicina,Domingos Godói,male,31/07/1980,189,74,89,137,group E
831589716,Engenharia,Donata Júdice,female,29/10/1998,158,68,58,54,group B
956063085,Engenharia,Dora Ferrera,female,31/07/1980,165,62,65,131,group B
129772422,Engenharia,Dorindo Landim,male,31/07/1980,168,53,68,3,group C
217314189,Quimica,Doroteia Rico,male,29/10/1998,147,49,47,78,group A
252248554,Filosofia,Duarte Furtado,female,31/07/1980,171,83,71,22,group D
628511981,Quimica,Duarte Peseiro,female,29/10/1998,160,70,60,161,group B
222563309,Matematica,Duarte Xavier,male,31/07/1980,180,72,80,16,group D
919340415,Engenharia,Dulce Alvarenga,male,31/07/1980,154,52,54,45,group D
993122733,Filosofia,Dulce Viera,female,31/07/1980,162,70,62,156,group E
927938187,Medicina,Débora Conde,female,31/07/1980,164,68,64,3,group C
628319932,Medicina,Débora Leão,male,29/10/1998,178,77,78,116,group C
20638038,Filosofia,Délia Aldeia,female,31/07/1980,170,78,70,163,group B
720066599,Matematica,Délio Villégas,female,29/10/1998,165,81,65,147,group C
591427454,Quimica,Edite Mont'Alverne,female,29/10/1998,164,77,64,153,group C
729939928,Filosofia,Eduarda Camilo,male,29/10/1998,179,78,79,26,group C
209014598,Quimica,Eduarda Souto Maior,female,31/07/1980,144,51,44,113,group C
168084342,Engenharia,Eduarda Tavera,female,31/07/1980,199,90,99,45,group E
435335064,Engenharia,Elba Mafra,male,31/07/1980,176,68,76,51,group D
630264600,Quimica,Elias Carrilho,male,31/07/1980,159,41,59,0,group D
835630490,Fisica,Elisa Antunes,female,31/07/1980,163,81,63,127,group C
343116634,Engenharia,Elisa Cysneiros,female,31/07/1980,169,77,69,135,group D
54253601,Medicina,Eliseu Carqueijeiro,female,29/10/1998,188,95,88,105,group D
338883658,Filosofia,Eliseu Lucena,female,31/07/1980,171,70,71,61,group E
687611883,Fisica,Eloi Doutel,male,31/07/1980,169,61,69,135,group C
973076833,Filosofia,Elsa Vilarinho,male,31/07/1980,158,42,58,38,group C
769787232,Medicina,Eládio Bessa,female,31/07/1980,147,58,47,93,group D
693007293,Filosofia,Eládio Luz,female,31/07/1980,165,71,65,102,group D
49120722,Filosofia,Eládio Mayor,male,29/10/1998,188,76,88,42,group B
696570330,Fisica,Ema Capiperibe,male,31/07/1980,183,73,83,135,group C
505310267,Quimica,Ema León,female,29/10/1998,185,93,85,6,group C
26717654,Engenharia,Ema Miranda,female,29/10/1998,159,75,59,124,group E
194344544,Quimica,Emanuela Domingos,female,31/07/1980,165,80,65,191,group C
318551468,Fisica,Emiliana Belchiorinho,male,31/07/1980,173,57,73,189,group B
49021089,Engenharia,Emiliano Terra,male,31/07/1980,153,42,53,39,group D
646858234,Engenharia,Emiliano Velasques,male,31/07/1980,145,46,45,69,group D
570127429,Fisica,Emília Amaral,female,31/07/1980,173,84,73,193,group D
959242286,Filosofia,Emília Caeira,female,29/10/1998,170,78,70,160,group D
859984626,Quimica,Emília Cintra,female,31/07/1980,137,46,37,105,group B
374014350,Medicina,Emília Mendes,male,29/10/1998,181,82,81,3,group B
446470761,Medicina,Emília Paredes,male,29/10/1998,197,88,97,123,group E
75957988,Quimica,Emílio Brión,female,31/07/1980,167,82,67,22,group B
170490164,Fisica,Emílio Coutinho,male,31/07/1980,188,76,88,65,group B
763483495,Quimica,Enia   Castillo,male,29/10/1998,177,77,77,33,group E
739890070,Medicina,Enia   Sacramento,male,31/07/1980,176,68,76,177,group C
147054221,Quimica,Epifânia Fidalgo,male,31/07/1980,186,70,86,22,group D
642933561,Quimica,Epifânia Morais,male,29/10/1998,163,57,63,102,group C
133829377,Fisica,Ernesto Quintão,female,31/07/1980,165,75,65,122,group E
47623020,Engenharia,Esperança Noite,male,29/10/1998,178,80,78,76,group D
273031385,Medicina,Estanislau Durán,male,31/07/1980,167,60,67,50,group B
250565870,Quimica,Estanislau Guaraciaba,male,29/10/1998,146,43,46,31,group A
199559175,Medicina,Estefânia Aldea,male,29/10/1998,171,68,71,41,group E
669939743,Engenharia,Estela García,male,29/10/1998,140,50,40,146,group C
71902067,Medicina,Estela Mayor,male,31/07/1980,190,75,90,108,group D
368833331,Filosofia,Estela Seixas,male,29/10/1998,181,81,81,150,group A
929658514,Quimica,Ester Barreto,male,31/07/1980,156,52,56,141,group D
543316710,Medicina,Estêvão Magalhães,female,29/10/1998,167,81,67,147,group C
24247100,Medicina,Eugénio Mourão,male,31/07/1980,180,64,80,162,group B
287666356,Medicina,Eulália Leitão,female,29/10/1998,174,83,74,155,group C
235164081,Filosofia,Eunice Lóio,male,31/07/1980,169,69,69,186,group A
558990822,Filosofia,Eurico Alvim,male,29/10/1998,199,81,99,176,group E
857957133,Quimica,Eusébio Quental,male,31/07/1980,151,44,51,16,group C
484957927,Medicina,Evandro Alcantara,female,31/07/1980,153,67,53,13,group B
226649182,Engenharia,Evandro Conde,female,31/07/1980,149,52,49,164,group D
699420228,Medicina,Evandro Freyria,female,31/07/1980,173,80,73,16,group B
653475910,Fisica,Evangelista Pinho,male,31/07/1980,166,57,66,31,group B
37604726,Fisica,Ezequiel Morera,male,29/10/1998,167,68,67,190,group D
76442745,Medicina,Fabiana Guzmán,female,29/10/1998,168,69,68,34,group C
789434753,Fisica,Fabiana Madeira,female,29/10/1998,159,75,59,155,group C
97432541,Engenharia,Fabiana Prada,male,31/07/1980,171,65,71,124,group C
488867237,Matematica,Fabrício Landim,female,29/10/1998,177,91,77,132,group D
970597567,Medicina,Fabrício Ventura,male,31/07/1980,183,78,83,99,group C
429367593,Fisica,Faustino Capucho,male,31/07/1980,163,69,63,107,group B
715869856,Medicina,Fausto Durán,female,31/07/1980,156,63,56,119,group D
339437462,Engenharia,Felicidade Barreto,female,29/10/1998,167,84,67,190,group C
242069372,Engenharia,Felicidade Paiacã,female,31/07/1980,175,79,75,6,group E
854217032,Filosofia,Felícia Lustosa,female,31/07/1980,171,80,71,58,group C
977846412,Quimica,Ferdinando Chousa,female,31/07/1980,143,53,43,1,group C
84486300,Engenharia,Ferdinando Loio,female,31/07/1980,141,43,41,33,group C
539262493,Filosofia,Fernanda Dâmaso,female,31/07/1980,182,94,82,145,group C
45895213,Filosofia,Fernanda Teves,male,31/07/1980,161,62,61,58,group C
876010289,Filosofia,Fernanda Vicario,male,31/07/1980,128,19,28,135,group A
380094811,Medicina,Fernão Guerreiro,male,29/10/1998,182,77,82,32,group C
803044638,Quimica,Fernão Lagoa,female,31/07/1980,141,51,41,26,group B
414878745,Engenharia,Filinto Fernández,male,31/07/1980,171,61,71,119,group C
962812613,Medicina,Filipe Carvalhosa,male,31/07/1980,147,35,47,31,group C
489857023,Medicina,Fiona Mont'Alverne,male,29/10/1998,162,53,62,152,group E
900527571,Medicina,Firmina Assis,male,31/07/1980,190,81,90,28,group B
763083546,Fisica,Flor Bicudo,female,31/07/1980,183,95,83,135,group C
849349411,Filosofia,Flora Freire,female,31/07/1980,161,66,61,31,group B
636074131,Quimica,Flora Marmou,male,29/10/1998,176,69,76,64,group D
995355998,Medicina,Florinda Buenaventura,male,31/07/1980,149,43,49,173,group C
41544039,Quimica,Florinda Cachoeira,female,31/07/1980,124,27,24,58,group B
858390829,Quimica,Floripes Affonso,female,29/10/1998,135,60,35,64,group D
259843405,Engenharia,Floripes Goulart,male,31/07/1980,158,52,58,189,group C
121942759,Engenharia,Floripes Quintero,female,31/07/1980,161,63,61,78,group C
624485465,Engenharia,Flávia Pavía,female,29/10/1998,169,74,69,72,group B
863976519,Medicina,Flávio Felgueiras,male,29/10/1998,167,67,67,75,group D
480477328,Filosofia,Francisca Becerra,male,31/07/1980,179,67,79,165,group D
975033117,Engenharia,Francisco Brião,female,31/07/1980,172,75,72,153,group C
435634438,Filosofia,Francisco Carlos,male,31/07/1980,162,57,62,175,group B
347026911,Fisica,Francisco Cartaxo,female,29/10/1998,177,95,77,163,group C
237071681,Engenharia,Frederica Anjos,male,31/07/1980,175,66,75,171,group D
626176469,Medicina,Frederico Aleixo,male,31/07/1980,187,76,87,61,group E
283122190,Fisica,Frederico Palhares,female,31/07/1980,152,69,52,82,group B
349740165,Filosofia,Frutuoso Caires,male,31/07/1980,166,52,66,198,group E
693674021,Filosofia,Fulvio Mota,female,29/10/1998,163,80,63,69,group C
735129589,Medicina,Fábia Abrantes,female,31/07/1980,146,57,46,47,group C
186091633,Filosofia,Fábia Barcelos,female,31/07/1980,159,70,59,166,group C
321114675,Fisica,Fábia Picanço,female,31/07/1980,161,70,61,159,group B
494386605,Medicina,Fátima Hierro,male,31/07/1980,163,61,63,49,group A
836909637,Filosofia,Fátima Santana,female,29/10/1998,142,69,42,160,group C
309127988,Filosofia,Félix Lancastre,male,31/07/1980,159,61,59,16,group D
811757685,Filosofia,Gabriel Milheiro,female,31/07/1980,180,89,80,52,group D
365871176,Engenharia,Gabriela Durão,female,31/07/1980,158,59,58,146,group B
454162193,Quimica,Galindo Pádua,male,29/10/1998,185,78,85,24,group B
359889751,Filosofia,Garibaldo Cascaes,female,31/07/1980,152,58,52,184,group C
598210724,Quimica,Garibaldo Castillo,female,31/07/1980,127,32,27,185,group D
382104970,Filosofia,Garibaldo Dutra,male,31/07/1980,159,58,59,92,group C
109702928,Fisica,Garibaldo Novaes,male,29/10/1998,149,60,49,116,group A
950825386,Engenharia,Garibaldo Severo,male,29/10/1998,169,53,69,102,group C
95342906,Fisica,Gaspar Pinho,male,31/07/1980,161,61,61,73,group C
929871021,Quimica,Gaspar Valentín,female,31/07/1980,144,58,44,198,group A
795538787,Quimica,Gastão Acatauaçu,female,31/07/1980,173,85,73,188,group D
477618395,Filosofia,Genoveva Cyrne,male,31/07/1980,184,71,84,87,group E
849933213,Filosofia,Genoveva Zagallo,female,29/10/1998,145,70,45,5,group C
43347927,Quimica,Geraldo Barcellos,male,31/07/1980,174,72,74,16,group D
92368248,Filosofia,Geraldo Borja,female,29/10/1998,182,96,82,33,group D
525011411,Fisica,Germana Álvaro,female,31/07/1980,159,73,59,164,group D
499383808,Medicina,Germano Castanho,male,31/07/1980,146,41,46,89,group E
312297842,Quimica,Germano Varejão,female,31/07/1980,180,82,80,152,group D
927506440,Matematica,Gertrudes Marañón,female,29/10/1998,185,100,85,161,group D
674917793,Quimica,Gertrudes Quiroga,female,31/07/1980,171,77,71,99,group A
826575970,Fisica,Gerusa Lucas,male,31/07/1980,166,62,66,196,group A
10733032,Medicina,Gil González,female,31/07/1980,180,83,80,197,group B
909376121,Medicina,Gina Domingues,male,29/10/1998,187,95,87,144,group C
862236910,Matematica,Gina Enríquez,male,31/07/1980,179,71,79,37,group C
445201061,Quimica,Ginéculo Castanheira,female,31/07/1980,138,45,38,65,group E
441575700,Quimica,Ginéculo Sacramento,female,31/07/1980,138,43,38,116,group A
283150551,Filosofia,Giovana Trinidad,female,31/07/1980,167,75,67,41,group E
100547277,Fisica,Girão Malheiro,female,31/07/1980,164,70,64,137,group E
209469285,Medicina,Gláucia Benevides,female,31/07/1980,157,67,57,118,group C
747707384,Engenharia,Gláucia Pirassununga,female,31/07/1980,162,64,62,20,group D
814829687,Matematica,Glória Carrasqueira,male,31/07/1980,173,75,73,148,group D
482859435,Quimica,Glória Carvalheira,male,29/10/1998,173,59,73,182,group E
657918717,Filosofia,Glória Guarabira,female,31/07/1980,177,77,77,26,group D
600937457,Filosofia,Glória Sintra,male,31/07/1980,176,67,76,173,group E
329976767,Medicina,Godo Aquino,male,29/10/1998,157,56,57,63,group C
851868173,Quimica,Godo Manso,female,29/10/1998,165,77,65,110,group C
673118391,Engenharia,Godo Porto,male,31/07/1980,148,41,48,15,group A
247803303,Engenharia,Godofredo Morgado,female,31/07/1980,150,63,50,12,group B
208537047,Medicina,Gomes Campos,female,31/07/1980,185,95,85,125,group C
429651602,Quimica,Gomes Vilar,male,31/07/1980,174,57,74,117,group B
67378408,Quimica,Gonçalo Rosmaninho,male,31/07/1980,160,54,60,52,group D
364747114,Quimica,Graça Rivas,female,29/10/1998,159,67,59,91,group C
868606497,Filosofia,Gregório Modesto,male,31/07/1980,153,43,53,98,group A
998522618,Filosofia,Guadalupe Beça,female,31/07/1980,149,55,49,164,group A
989151220,Engenharia,Gualdim Felgueiras,female,29/10/1998,188,100,88,83,group D
55097418,Engenharia,Gualdim Mendoza,female,31/07/1980,154,62,54,95,group C
159712904,Quimica,Gualdim Minho,female,31/07/1980,163,68,63,120,group C
932745600,Medicina,Guida Quental,male,29/10/1998,165,63,65,165,group B
885628260,Medicina,Guido Muniz,female,31/07/1980,182,77,82,79,group B
106416173,Engenharia,Guilherme Brito,female,29/10/1998,152,56,52,11,group D
630117533,Medicina,Guilherme Vilarim,male,29/10/1998,187,85,87,194,group D
495089427,Matematica,Guilherme Villaverde,female,29/10/1998,170,74,70,65,group D
254106217,Filosofia,Guiomar Cotrim,male,29/10/1998,184,78,84,159,group E
319154766,Medicina,Guiomar Henriques,male,31/07/1980,171,60,71,125,group D
832840864,Quimica,Gustavo Peçanha,male,29/10/1998,163,67,63,115,group B
332695635,Fisica,"Guálter, Walter Lucena",female,29/10/1998,151,79,51,49,group C
568017774,Engenharia,Hedviges Angelim,male,31/07/1980,184,69,84,106,group E
316195667,Fisica,Hedviges Figueiró,male,29/10/1998,171,68,71,198,group C
191560827,Medicina,Heitor Furtado,male,31/07/1980,174,67,74,35,group C
33498160,Filosofia,Helena Alvarenga,male,31/07/1980,168,62,68,198,group D
573092020,Engenharia,Heloísa Vilaverde,male,29/10/1998,157,54,57,154,group E
747738855,Medicina,Herculano Hierro,female,29/10/1998,182,93,82,149,group C
460227709,Engenharia,Hermano Carvalhais,female,29/10/1998,157,64,57,183,group D
937439133,Matematica,Hermano Felgueira,female,29/10/1998,147,67,47,116,group D
614929817,Quimica,Hermano Macedo,female,29/10/1998,159,80,59,48,group A
217124789,Filosofia,Hermenegildo Tamoio,male,31/07/1980,141,34,41,10,group B
479184962,Filosofia,Hermesinda Alvarenga,female,31/07/1980,162,62,62,187,group C
135982879,Fisica,Hermígio Jesús,male,31/07/1980,186,86,86,77,group C
781349794,Quimica,Hermígio Pastana,male,31/07/1980,169,65,69,196,group C
570569270,Quimica,Hernâni Lustosa,male,31/07/1980,165,53,65,37,group A
755780648,Quimica,Higino Távora,male,31/07/1980,168,54,68,34,group C
738938155,Medicina,Hipólito Galindo,male,31/07/1980,164,59,64,25,group C
421181217,Engenharia,Honorina Jatobá,female,31/07/1980,161,70,61,121,group C
417417479,Engenharia,Honorina Mendonça,male,31/07/1980,161,55,61,85,group C
378899211,Quimica,Honório Poças,female,31/07/1980,147,50,47,118,group A
39356515,Quimica,Hélder Rico,male,31/07/1980,173,66,73,135,group C
35749731,Filosofia,Hélio Caneira,male,29/10/1998,150,53,50,95,group C
877407768,Medicina,Hélio Miranda,male,31/07/1980,175,64,75,29,group D
914539123,Medicina,Iara Caires,male,31/07/1980,175,73,75,48,group D
165282250,Engenharia,Iberê Borja,male,31/07/1980,170,51,70,193,group C
630122973,Quimica,Ifigénia Esparteiro,male,29/10/1998,189,82,89,102,group D
587568507,Filosofia,Ifigénia Pêssego,female,29/10/1998,167,79,67,186,group C
223506728,Engenharia,Ildefonso Moraes,female,31/07/1980,178,80,78,176,group D
171387563,Quimica,Ilídio Neiva,female,31/07/1980,159,69,59,3,group A
358252777,Medicina,Inaiá Vigário,female,31/07/1980,173,76,73,197,group B
943754230,Quimica,Ingrit Menna,male,31/07/1980,179,73,79,158,group A
592492220,Quimica,Inácio Ramalho,female,29/10/1998,167,77,67,111,group C
294034027,Filosofia,Inês Rosa,male,31/07/1980,169,60,69,121,group D
699471373,Engenharia,Iolanda Domínguez,male,29/10/1998,186,80,86,62,group C
400459719,Engenharia,Iolanda Espírito Santo,male,31/07/1980,147,42,47,9,group B
176238999,Medicina,Iracema Mendonça,male,31/07/1980,181,72,81,183,group B
270059745,Filosofia,Iracema Sobral,female,29/10/1998,164,85,64,139,group C
463369087,Filosofia,Iracema Tristán,female,31/07/1980,200,97,100,153,group E
407433879,Medicina,"Isaac, Isaque Montero",female,31/07/1980,165,74,65,173,group C
511212898,Filosofia,Ismael Abreu,male,31/07/1980,165,49,65,48,group C
202598543,Medicina,Ismael Alancastro,female,31/07/1980,153,62,53,199,group C
635901498,Fisica,Ismael Pari,male,31/07/1980,137,47,37,7,group C
222748178,Fisica,Israel Pino,female,31/07/1980,179,89,79,91,group D
780122826,Medicina,Israel Uchoa,male,31/07/1980,153,48,53,154,group D
446496527,Fisica,Itiberê Vilalobos,female,31/07/1980,200,100,100,107,group E
451644228,Engenharia,Iuri Corte-Real,male,29/10/1998,172,68,72,156,group B
409356581,Fisica,Iuri Fartaria,male,31/07/1980,153,55,53,44,group C
581840455,Filosofia,Ivete Meneses,male,31/07/1980,154,45,54,66,group B
381397973,Filosofia,Ivo Vidigal,female,31/07/1980,171,76,71,10,group E
105433974,Filosofia,Jacir Ayres,female,31/07/1980,177,91,77,117,group C
295817414,Fisica,Jacir Belmonte,male,29/10/1998,175,62,75,35,group A
192710890,Filosofia,Jacira Vásquez,female,31/07/1980,184,91,84,88,group C
742331250,Medicina,Jadir Vellozo,female,31/07/1980,126,38,26,85,group D
201204461,Engenharia,Jaime Peña,male,29/10/1998,172,65,72,69,group A
61730097,Engenharia,Jamari Rijo,female,29/10/1998,177,85,77,156,group A
692942323,Filosofia,Jandira Costa,male,31/07/1980,191,76,91,94,group C
385632666,Medicina,Jandira Franca,female,29/10/1998,183,90,83,33,group C
376646585,Engenharia,Jeremias Barreto,female,31/07/1980,163,74,63,129,group C
394572568,Medicina,Jeremias Cesário,female,29/10/1998,168,84,68,75,group C
875707695,Quimica,Jeremias Nieto,female,31/07/1980,159,61,59,42,group D
982304361,Medicina,Jeremias Varejão,female,29/10/1998,190,91,90,196,group B
539392299,Fisica,"Jerónimo, Jerônimo Canadas",female,29/10/1998,171,83,71,112,group D
857007889,Fisica,Joana Camargo,male,29/10/1998,176,66,76,179,group E
556786604,Medicina,Joana Diegues,male,31/07/1980,180,72,80,151,group D
151409836,Matematica,Joana Lemes,female,31/07/1980,155,70,55,70,group D
803741745,Medicina,Joaquim Bonilha,male,31/07/1980,176,67,76,57,group E
202361441,Engenharia,Joaquim Mascarenhas,male,29/10/1998,173,68,73,102,group B
759021437,Medicina,Joaquina Toscano,female,31/07/1980,152,56,52,137,group D
972868955,Filosofia,Jordana Rocha,male,31/07/1980,168,61,68,126,group C
526523895,Engenharia,Jordão Castaño,male,31/07/1980,159,46,59,20,group A
880853237,Medicina,Jorge Hidalgo,female,31/07/1980,149,54,49,27,group B
258556329,Engenharia,Jorge Laranjeira,male,31/07/1980,170,71,70,115,group C
652021316,Filosofia,Jorgina Doutel,male,31/07/1980,161,56,61,188,group D
806501238,Medicina,Josefina Carvalhosa,female,31/07/1980,160,74,60,84,group C
890301956,Quimica,Josias Vilas Boas,male,29/10/1998,164,57,64,79,group B
148773605,Medicina,Josué Gil,male,29/10/1998,179,82,79,196,group A
347585876,Medicina,José Lancastre,female,31/07/1980,165,76,65,144,group A
433798893,Medicina,João Camargo,female,31/07/1980,164,70,64,44,group C
942400751,Filosofia,Judas Rangel,female,31/07/1980,183,90,83,188,group C
403037058,Fisica,Judite Azevedo,female,31/07/1980,181,90,81,126,group C
820151229,Engenharia,Judá Peres,female,31/07/1980,154,68,54,5,group B
554159419,Engenharia,Judá Vilhena,male,29/10/1998,168,66,68,117,group D
639297728,Filosofia,Juliano Vega,female,31/07/1980,154,52,54,59,group C
898797231,Filosofia,Julieta Larangeira,female,29/10/1998,159,76,59,181,group D
610089621,Quimica,Julieta Marcondes,female,31/07/1980,166,68,66,82,group B
247394660,Filosofia,Jurema Carmona,male,31/07/1980,176,72,76,1,group E
985096184,Matematica,Jurema Quental,female,31/07/1980,174,82,74,135,group D
3308728,Medicina,Justino Quaresma,female,29/10/1998,194,92,94,103,group B
911795421,Filosofia,Jutaí Beiriz,male,31/07/1980,163,54,63,12,group C
810226059,Medicina,Jutaí Mantas,female,29/10/1998,195,92,95,159,group E
93022989,Matematica,Jutaí Paixão,female,31/07/1980,140,54,40,39,group D
615155263,Quimica,Jutaí Prates,female,31/07/1980,182,80,82,21,group B
175406241,Engenharia,Juçara Caldas,male,31/07/1980,168,66,68,83,group A
780775713,Fisica,Jéssica Barbosa,male,31/07/1980,155,54,55,56,group B
391396550,Matematica,Jónatas Bento,male,31/07/1980,179,77,79,3,group C
505973232,Fisica,Júlia Belén,female,31/07/1980,186,87,86,96,group C
737673255,Filosofia,Júlia Rebimbas,male,31/07/1980,176,73,76,62,group D
645290196,Quimica,Lara Tristão,male,31/07/1980,164,43,64,72,group A
980157738,Quimica,Laura Passos,male,31/07/1980,162,52,62,162,group D
913210065,Quimica,Laura Serpa,female,29/10/1998,154,62,54,86,group B
460404582,Matematica,Laurinda Guaraná,female,29/10/1998,177,94,77,174,group B
727249786,Quimica,Lavínia Garcia de Gondim,female,29/10/1998,176,85,76,136,group C
44611020,Filosofia,Leandro Ornelas,female,31/07/1980,174,84,74,150,group D
597448819,Filosofia,Leandro Vieira,female,29/10/1998,166,73,66,61,group E
437913584,Quimica,Leonardo Bandeira,female,29/10/1998,166,78,66,13,group D
974836191,Engenharia,Leonor Almada,female,29/10/1998,167,79,67,187,group B
394154878,Filosofia,Leonor Jordán,male,31/07/1980,171,52,71,3,group D
996775653,Medicina,Leonor Marcondes,female,31/07/1980,191,84,91,20,group C
324162104,Fisica,Leonor Tupinambá,male,31/07/1980,169,57,69,186,group D
234801634,Matematica,Leopoldina Beserril,male,31/07/1980,154,50,54,150,group C
261164319,Engenharia,Letícia Bettencourt,male,29/10/1998,153,49,53,67,group C
685862722,Filosofia,Letícia Figueiró,male,31/07/1980,168,59,68,84,group E
725795684,Quimica,Levindo Amaro,male,29/10/1998,156,60,56,157,group C
129103215,Engenharia,Leónidas Aguiar,female,31/07/1980,136,43,36,38,group C
468820173,Fisica,Leônidas   Coito,female,31/07/1980,129,47,29,142,group D
78883450,Medicina,Leônidas   Lousado,female,31/07/1980,162,70,62,76,group C
409026460,Medicina,Leônidas   Ruas,female,29/10/1998,168,73,68,168,group C
835236030,Quimica,Liana Vasques,female,31/07/1980,147,53,47,33,group C
956563709,Medicina,Liana Vilanova,male,29/10/1998,162,58,62,175,group E
203073154,Medicina,Liedson Correa,female,29/10/1998,179,94,79,132,group E
776326782,Engenharia,Liliana Bento,male,29/10/1998,173,68,73,126,group B
912019498,Fisica,Liliana Rivas,female,29/10/1998,166,83,66,183,group C
437986602,Medicina,Liliana Vieira,male,29/10/1998,151,58,51,72,group C
413693207,Engenharia,Lina Alancastro,female,31/07/1980,151,62,51,161,group D
183154195,Fisica,Lina Martínez,male,29/10/1998,185,71,85,116,group E
809661065,Medicina,Lino Mendes,male,29/10/1998,197,86,97,76,group A
658350850,Engenharia,Lopo Pirajá,male,29/10/1998,175,68,75,72,group C
121351833,Medicina,Lorena Café,male,29/10/1998,179,80,79,59,group D
185437168,Medicina,Lua Damazio,female,31/07/1980,181,79,81,2,group C
856242438,Medicina,Luana Damasceno,female,31/07/1980,182,89,82,72,group D
317564007,Matematica,Luciana Pinheiro,female,31/07/1980,164,66,64,137,group D
959080283,Quimica,Luciano Bonilha,male,29/10/1998,178,80,78,50,group E
735307530,Quimica,Lucrécia Avelar,female,29/10/1998,192,97,92,64,group A
322342984,Engenharia,Lucília Bezerra,male,29/10/1998,172,64,72,64,group C
229319794,Engenharia,Lucília Felgueira,female,31/07/1980,162,64,62,46,group C
329258636,Matematica,Lucílio Lessa,male,31/07/1980,179,69,79,47,group C
675574296,Quimica,Ludovico Mansilha,male,31/07/1980,179,65,79,27,group C
631336067,Fisica,Ludovico Peres,male,29/10/1998,187,88,87,42,group B
698245638,Medicina,Ludovico Tabalipa,female,31/07/1980,140,50,40,51,group B
939430162,Filosofia,Luize Abreu,male,31/07/1980,177,64,77,64,group D
622691054,Medicina,Luize Mortágua,male,31/07/1980,153,40,53,65,group E
904963874,Filosofia,Luize Paiacã,female,31/07/1980,132,33,32,176,group C
414282246,Medicina,Luize Sampaio,female,29/10/1998,155,79,55,150,group C
761239167,Matematica,Luize Sousa do Prado,male,31/07/1980,161,66,61,110,group C
473476940,Medicina,Lurdes Quintal,female,31/07/1980,153,70,53,137,group B
812116774,Quimica,Luzia Guimaraens,male,31/07/1980,173,62,73,88,group D
387152655,Filosofia,Luís Arantes,female,29/10/1998,174,79,74,190,group D
828172019,Filosofia,Luís Quintais,female,31/07/1980,163,74,63,170,group C
322608878,Fisica,Lénia Fortunato,male,29/10/1998,196,92,96,4,group C
123313496,Filosofia,Lénia Lage,female,29/10/1998,163,80,63,88,group D
573661534,Fisica,Lénia Viegas,male,31/07/1980,148,46,48,127,group B
425476847,Medicina,Lídia Carrasco,male,31/07/1980,148,45,48,149,group B
535910944,Fisica,Lília Barcellos,female,29/10/1998,192,100,92,9,group E
464198922,Matematica,Lília Pais,female,29/10/1998,161,78,61,195,group D
886697749,Engenharia,Lília Poças,male,31/07/1980,163,47,63,116,group B
519582148,Fisica,Lívia Freitas,male,31/07/1980,168,67,68,114,group D
88724060,Filosofia,Lúcia Ramírez,male,29/10/1998,171,70,71,65,group B
508446319,Fisica,Lúcio Lousã,male,31/07/1980,191,92,91,108,group A
217196448,Filosofia,Madalena Carballo,female,31/07/1980,153,56,53,196,group C
724530590,Engenharia,Madalena Lages,female,29/10/1998,150,64,50,66,group C
49147508,Engenharia,Madalena Neiva,female,31/07/1980,174,71,74,166,group E
253771328,Medicina,Magda Junquera,male,29/10/1998,140,53,40,182,group A
948949466,Filosofia,Magda Valente,male,29/10/1998,161,52,61,14,group A
709388704,Engenharia,Manuel Salomão,female,31/07/1980,181,89,81,22,group B
262701189,Filosofia,Mara Capucho,female,29/10/1998,148,58,48,110,group B
84335307,Matematica,Marcela Dias,female,31/07/1980,153,68,53,106,group D
201036067,Quimica,Marcela Pimienta,female,31/07/1980,181,96,81,92,group D
713289459,Quimica,Marcelo Viveros,female,31/07/1980,177,80,77,136,group E
877965498,Fisica,Marcos Anhaia,female,31/07/1980,163,78,63,104,group D
38635953,Medicina,Marcos Quaresma,female,29/10/1998,173,80,73,129,group D
693778091,Filosofia,Marcos Tibiriçá,female,31/07/1980,169,77,69,6,group D
753709055,Medicina,Margarida Garrido,female,31/07/1980,165,76,65,198,group C
342013642,Engenharia,Margarida Pádua,female,31/07/1980,155,73,55,78,group A
74053357,Fisica,Mariana Gallindo,female,31/07/1980,144,62,44,156,group C
701507199,Filosofia,Mariano Girã,female,31/07/1980,154,65,54,42,group C
188775403,Quimica,Mariano Modesto,female,31/07/1980,148,65,48,63,group A
889958834,Filosofia,Marina Correia,male,31/07/1980,158,54,58,100,group C
147540073,Quimica,Marisa Antúnez,male,31/07/1980,171,50,71,65,group A
29064528,Fisica,Marisa Ginjeira,male,31/07/1980,168,64,68,127,group E
525850652,Engenharia,Marlene Peláez,female,31/07/1980,174,73,74,48,group E
354696578,Fisica,Marta Antunes,female,29/10/1998,192,99,92,160,group C
616513956,Fisica,Marta Garrido,female,29/10/1998,156,72,56,150,group C
328835109,Engenharia,Marta Horta,male,31/07/1980,130,15,30,7,group B
756325286,Quimica,Marta Manso,male,31/07/1980,153,48,53,183,group A
330930399,Engenharia,Marta Rebello,female,31/07/1980,169,73,69,164,group D
804833139,Quimica,Marta Reis,female,31/07/1980,165,81,65,59,group D
361253579,Matematica,Marta Tamoio,female,31/07/1980,154,63,54,21,group D
40507205,Engenharia,Martim Abranches,female,31/07/1980,129,30,29,159,group C
341826899,Filosofia,Martim Cezar,female,31/07/1980,176,80,76,173,group E
575802158,Engenharia,Martim Zambujal,male,31/07/1980,160,51,60,23,group D
994099312,Matematica,Martinho Tristão,male,29/10/1998,184,90,84,158,group D
266683797,Quimica,Mateus Baião,male,31/07/1980,175,62,75,164,group C
677153579,Medicina,Mateus Coimbra,female,31/07/1980,185,82,85,93,group C
407479643,Matematica,Mateus Vergueiro,female,31/07/1980,140,54,40,111,group C
834532524,Filosofia,Matias Vaz,female,31/07/1980,161,62,61,46,group E
864880996,Medicina,Maura Mansilla,female,31/07/1980,158,65,58,157,group B
998511700,Filosofia,Maura Roriz,male,29/10/1998,169,63,69,178,group D
775126995,Filosofia,Maurício Severo,female,31/07/1980,158,66,58,112,group C
392705556,Fisica,Maximiliano Jucá,male,29/10/1998,194,91,94,195,group C
268538085,Medicina,Mbicy Salvado,female,31/07/1980,165,74,65,171,group C
640282695,Medicina,Melissa Martins,female,31/07/1980,182,93,82,191,group A
611459049,Engenharia,Melissa Pacheco,female,31/07/1980,160,72,60,73,group C
586916516,Fisica,Mem Benavides,female,31/07/1980,137,38,37,141,group E
586262673,Fisica,Mercedes Alcantara,male,31/07/1980,188,83,88,80,group D
774166162,Matematica,Mercedes Guerrero,male,31/07/1980,195,84,95,67,group D
237426929,Medicina,Micael Amaro,male,29/10/1998,165,68,65,20,group C
217654910,Engenharia,Micaela Palmeira,female,31/07/1980,135,54,35,10,group C
371025527,Fisica,Micaela Vilariça,male,31/07/1980,162,56,62,121,group B
250693720,Engenharia,Miguelina Bonilla,male,29/10/1998,158,52,58,100,group C
434584431,Filosofia,Miguelina Ferraz,male,29/10/1998,200,86,100,109,group A
761522022,Fisica,Miguelina Grangeia,female,31/07/1980,161,62,61,54,group E
855599908,Filosofia,Mileide Moura,male,29/10/1998,200,99,100,198,group D
982862185,Medicina,Mileide Sobreira,male,29/10/1998,169,63,69,64,group B
264659244,Medicina,Milena Aleixo,male,31/07/1980,161,46,61,0,group D
465891683,Filosofia,Milena Gomide,male,31/07/1980,149,46,49,191,group D
660746032,Quimica,Milu Rosmaninho,female,29/10/1998,144,55,44,117,group C
195036241,Filosofia,Milu Rua,male,31/07/1980,167,70,67,30,group D
832770524,Engenharia,Minervina Dantas,male,31/07/1980,179,65,79,21,group B
261309387,Fisica,Miriam Reyes,female,29/10/1998,166,81,66,165,group B
776585955,Engenharia,Miru Motta,female,31/07/1980,175,85,75,85,group C
724529219,Quimica,Moaci Mafra,male,31/07/1980,184,80,84,162,group D
437804861,Engenharia,Moacir Carlos,male,31/07/1980,171,64,71,122,group A
451011168,Engenharia,Moacir Díaz,female,29/10/1998,167,81,67,151,group B
567809829,Quimica,Moema Collaço,female,29/10/1998,180,88,80,186,group D
833778318,Filosofia,Moisés Caballero,male,31/07/1980,186,74,86,119,group E
456782959,Medicina,Morgana Cascais,female,31/07/1980,176,73,76,31,group D
485576003,Engenharia,Murilo Godoy,male,31/07/1980,141,51,41,30,group D
659799659,Medicina,Murilo Penteado,female,29/10/1998,174,90,74,16,group D
667788250,Quimica,Máxima Belchior,female,31/07/1980,172,79,72,152,group B
869619589,Engenharia,Máxima Conde,female,29/10/1998,174,80,74,138,group E
385608394,Engenharia,Máxima Linares,male,31/07/1980,170,60,70,102,group B
825452225,Fisica,Máximo Félix,female,29/10/1998,165,81,65,92,group B
574525105,Medicina,Máximo Águeda,female,31/07/1980,159,65,59,105,group D
546499601,Engenharia,Mécia Alvim,female,31/07/1980,164,68,64,80,group E
536481045,Engenharia,Mécia Freyria,female,31/07/1980,150,55,50,158,group B
411427766,Filosofia,Mónica Quinta,female,29/10/1998,169,81,69,163,group D
995200449,Quimica,Mônica   Fialho,male,29/10/1998,151,53,51,149,group C
292163423,Engenharia,Mônica   Pozas,female,29/10/1998,168,76,68,23,group A
646549338,Filosofia,Natacha Galante,female,29/10/1998,185,98,85,153,group D
417746583,Medicina,Natália Cisneros,female,29/10/1998,165,74,65,71,group A
526892698,Quimica,Natália Sesimbra,female,31/07/1980,173,79,73,153,group B
169715388,Filosofia,Nazaré Fragoso,female,31/07/1980,162,67,62,106,group B
633883450,Medicina,Nelson Caetano,male,31/07/1980,177,64,77,47,group C
76101191,Quimica,Nestor Patrício,male,31/07/1980,169,61,69,175,group D
61711569,Medicina,Neuza Carvalhoso,female,31/07/1980,143,58,43,190,group D
811138775,Medicina,Nilza Ruas,male,31/07/1980,190,85,90,194,group D
86445713,Filosofia,Noel Bastos,male,31/07/1980,174,73,74,41,group C
659946497,Quimica,Noé Barrocas,male,31/07/1980,173,63,73,143,group C
614718380,Filosofia,Noé Guzmán,female,31/07/1980,155,69,55,115,group D
262521808,Engenharia,Noé Ilha,female,31/07/1980,165,67,65,69,group C
726773943,Medicina,Noé Sardina,male,31/07/1980,180,63,80,119,group D
303376186,Quimica,Noémia Anjos,female,29/10/1998,150,60,50,119,group C
567073386,Filosofia,Noémia Enríquez,female,29/10/1998,163,71,63,92,group C
409068989,Fisica,Noémia Lucas,female,31/07/1980,177,87,77,76,group B
4614692,Filosofia,Noêmia   Pederneiras,male,31/07/1980,173,61,73,83,group C
805988817,Medicina,Noêmia   Pires,male,29/10/1998,181,77,81,155,group D
571388659,Engenharia,Noêmia   Vasconcelos,female,31/07/1980,166,68,66,165,group C
178292448,Medicina,Nuno Pequeno,male,31/07/1980,152,50,52,103,group D
539582528,Filosofia,Nádia Cordeiro,female,31/07/1980,169,76,69,36,group C
757391857,Medicina,Nídia Sotomayor,female,29/10/1998,165,84,65,56,group C
293023441,Engenharia,Odete Bezerril,female,29/10/1998,169,78,69,56,group D
529348627,Filosofia,Ofélia Félix,female,29/10/1998,150,66,50,149,group B
640804622,Filosofia,Ofélia Galindo,female,29/10/1998,173,76,73,162,group E
827688430,Quimica,Olavo Caneira,female,29/10/1998,170,76,70,113,group C
494066028,Medicina,Olavo Cardin,male,31/07/1980,181,78,81,184,group D
702305591,Filosofia,Olavo Nieto,male,31/07/1980,163,60,63,28,group D
541642863,Engenharia,Olavo Távora,female,31/07/1980,167,74,67,172,group D
739235113,Engenharia,Oliveira Carijó,male,31/07/1980,160,60,60,143,group B
706004414,Engenharia,Oliveira Nóbrega,male,31/07/1980,162,54,62,99,group B
323196444,Quimica,Olívia Prado,female,29/10/1998,129,44,29,9,group C
304968162,Filosofia,Olívio Carijó,male,29/10/1998,162,68,62,21,group B
260156295,Matematica,Olívio Carijó,female,29/10/1998,194,100,94,41,group E
882596101,Filosofia,Olívio Fiestas,male,29/10/1998,185,68,85,144,group E
739035447,Medicina,Olívio Galván,male,31/07/1980,177,73,77,133,group D
578094590,Engenharia,Ordonho Valentín,male,31/07/1980,153,44,53,14,group A
541544423,Filosofia,Orestes Sá,male,31/07/1980,193,83,93,25,group E
976204161,Medicina,Oscar   Lamego,female,31/07/1980,149,53,49,102,group C
391542458,Medicina,Oscar   Perdigón,female,31/07/1980,173,78,73,96,group E
506364079,Fisica,Osvaldo Lages,female,29/10/1998,166,81,66,189,group C
257971748,Medicina,Otávio Guedelha,female,31/07/1980,177,73,77,53,group D
338876058,Quimica,Otávio Seabra,female,31/07/1980,149,56,49,162,group C
129142972,Filosofia,Otília Espargosa,female,31/07/1980,179,86,79,154,group D
150504736,Medicina,Otília García,female,29/10/1998,175,90,75,158,group C
304883732,Fisica,Otília Águeda,female,31/07/1980,159,70,59,105,group A
213697873,Medicina,Palmira Amado,female,29/10/1998,157,79,57,61,group D
103880372,Engenharia,Palmira Vasques,male,31/07/1980,166,59,66,131,group C
695268849,Fisica,Palo Casqueira,female,29/10/1998,179,82,79,116,group E
256640552,Quimica,Palo Fartaria,female,31/07/1980,157,72,57,152,group B
352465812,Fisica,Palo Silvestre,male,29/10/1998,187,87,87,171,group A
303197675,Filosofia,Palo Soeiro,female,31/07/1980,163,67,63,49,group D
585489832,Quimica,Palo Suaçuna,female,29/10/1998,159,64,59,183,group B
395417294,Fisica,Pandora Arouca,male,31/07/1980,162,65,62,174,group A
972473612,Engenharia,Parcidio Álvez,male,31/07/1980,146,36,46,21,group D
826116615,Filosofia,Pascoal Lencastre,male,31/07/1980,166,52,66,180,group C
480579347,Engenharia,Pascoal Portella,male,31/07/1980,189,79,89,128,group D
883869793,Medicina,Patrícia Torrado,female,29/10/1998,142,58,42,142,group D
848223083,Filosofia,Patrício Piratininga,male,29/10/1998,193,90,93,185,group C
729161625,Quimica,Paulino Alvim,female,29/10/1998,180,85,80,4,group E
579619632,Filosofia,Paulo Cervera,female,31/07/1980,198,99,98,160,group D
573417491,Matematica,Pedro Acatauaçu,male,31/07/1980,181,84,81,69,group D
323122222,Quimica,Pedro Casqueira,female,29/10/1998,160,74,60,179,group B
639447173,Medicina,Penélope Fidalgo,female,29/10/1998,176,87,76,128,group B
436588005,Medicina,Peri Capistrano,male,29/10/1998,173,72,73,89,group C
15190945,Medicina,Peri Saraiva,female,29/10/1998,196,99,96,88,group C
421743630,Engenharia,Piedade Botica,female,31/07/1980,176,74,76,193,group C
360666944,Medicina,Piedade Canela,male,29/10/1998,191,80,91,166,group E
858883910,Filosofia,Plácido Hidalgo,female,31/07/1980,162,70,62,192,group C
472135978,Quimica,Plácido Saltão,male,29/10/1998,155,59,55,142,group D
44973214,Quimica,Plínio Borba,female,29/10/1998,174,88,74,150,group B
382293503,Engenharia,Poliana Botelho,male,31/07/1980,150,42,50,164,group C
862211489,Filosofia,Poliana Coutinho,male,31/07/1980,147,41,47,77,group B
118462363,Filosofia,Poliana Malta,male,29/10/1998,181,71,81,191,group E
438387925,Medicina,Poliana Murtinho,female,29/10/1998,165,77,65,180,group E
543117956,Quimica,Porfírio Alancastre,male,29/10/1998,168,57,68,47,group E
941003328,Engenharia,Porfírio Canejo,female,31/07/1980,173,84,73,30,group D
156570196,Filosofia,Porfírio Gallindo,male,31/07/1980,153,37,53,133,group C
738457605,Medicina,Potira Ayres,female,29/10/1998,168,80,68,164,group B
97328748,Quimica,Priscila Saraíba,male,31/07/1980,155,43,55,140,group A
105954225,Filosofia,Querubim Miera,female,29/10/1998,187,94,87,68,group C
281782256,Quimica,Querubim Vilas Boas,male,31/07/1980,155,44,55,19,group D
421675595,Filosofia,Querubina Góis,female,31/07/1980,153,57,53,190,group E
84649417,Matematica,Querubina Infante,male,31/07/1980,167,59,67,183,group C
238866030,Medicina,Querubina Moutinho,male,31/07/1980,192,84,92,66,group C
781655916,Filosofia,Quintiliano Caminha,female,29/10/1998,153,73,53,96,group B
908479054,Medicina,Quintiliano Carrasco,male,31/07/1980,181,73,81,99,group D
215625650,Engenharia,Quintiliano Doutel,male,31/07/1980,161,55,61,141,group C
319888172,Fisica,Quintilien Torrado,male,31/07/1980,180,72,80,24,group D
569343802,Medicina,Quirina Aveiro,female,31/07/1980,137,56,37,58,group A
406828624,Engenharia,Quirina Carvalheira,female,31/07/1980,181,82,81,34,group C
448971708,Medicina,Quirino Lagos,female,29/10/1998,159,72,59,91,group C
993370709,Filosofia,Quitéria Valido,male,31/07/1980,155,47,55,45,group B
619417396,Medicina,Quitério Linhares,male,31/07/1980,172,74,72,92,group D
319574604,Engenharia,Raimundo Domínguez,male,31/07/1980,169,71,69,19,group D
59957160,Filosofia,Raimundo Mayor,male,31/07/1980,169,68,69,15,group C
755929779,Fisica,Raimundo Parente,female,31/07/1980,150,59,50,78,group C
599763189,Filosofia,Ramiro Canadas,male,29/10/1998,187,86,87,32,group B
185244739,Quimica,Ramiro Castellano,male,29/10/1998,171,68,71,65,group D
277134784,Filosofia,Ramiro Eanes,male,31/07/1980,168,65,68,24,group E
773958004,Matematica,Ramiro Júdice,male,29/10/1998,179,75,79,103,group C
974606374,Quimica,Ramiro Pessanha,female,29/10/1998,177,85,77,195,group C
173646198,Medicina,Ramão Braga,male,31/07/1980,158,53,58,10,group C
499281171,Medicina,Ramão Rivero,female,31/07/1980,184,92,84,76,group E
967695705,Filosofia,Ramão Sousa do Prado,male,31/07/1980,155,52,55,135,group D
491412227,Fisica,Raquel Grilo,male,29/10/1998,170,72,70,50,group E
615682534,Filosofia,Raquel Rua,female,29/10/1998,152,65,52,113,group D
695241569,Filosofia,Raul Porciúncula,male,29/10/1998,169,77,69,54,group B
535110719,Engenharia,Raul Portella,female,31/07/1980,153,64,53,169,group C
758360935,Quimica,Regina Arantes,female,31/07/1980,148,54,48,19,group D
911044226,Quimica,Regina Colares,male,29/10/1998,178,86,78,99,group D
836440709,Engenharia,Regina Vilariça,female,31/07/1980,162,63,62,67,group B
531218324,Filosofia,Reginaldo Gravato,male,31/07/1980,160,59,60,56,group D
569286434,Engenharia,Reinaldo Bivar,female,31/07/1980,174,72,74,124,group B
427938758,Engenharia,Reinaldo Faia,female,29/10/1998,158,77,58,117,group C
115142470,Engenharia,Renan Fiestas,male,29/10/1998,176,60,76,82,group B
467104923,Quimica,Renan Mourato,female,31/07/1980,168,75,68,35,group D
739415750,Filosofia,Renato Custódio,male,31/07/1980,158,57,58,20,group A
685784427,Engenharia,Renato Fróis,male,31/07/1980,152,49,52,139,group B
261110399,Fisica,Renato Salvado,male,31/07/1980,175,74,75,78,group D
147802367,Quimica,Ricardo Tavera,female,29/10/1998,152,72,52,44,group B
477940162,Fisica,Roberta Falcão,female,31/07/1980,162,79,62,29,group C
194799939,Filosofia,Roberto Godinho,male,31/07/1980,166,60,66,29,group B
485142114,Quimica,Rodolfo Fraga,female,31/07/1980,149,55,49,9,group B
129292476,Engenharia,Rogério Castillo,female,31/07/1980,166,70,66,39,group B
742394892,Filosofia,Rogério Modesto,female,31/07/1980,135,43,35,73,group C
815679220,Filosofia,Rogério Travassos,female,29/10/1998,172,82,72,148,group A
450021167,Medicina,Romano Ilha,male,29/10/1998,194,82,94,0,group E
242303899,Medicina,Romão Becerra,female,31/07/1980,146,57,46,124,group D
595019794,Matematica,Ronaldo Pinhal,female,31/07/1980,177,84,77,141,group B
398049063,Engenharia,Roque César,female,29/10/1998,176,82,76,34,group B
197749348,Medicina,Roquita Lencastre,female,29/10/1998,152,62,52,175,group C
604196765,Fisica,Rosa Lampreia,male,29/10/1998,191,79,91,157,group C
312718130,Quimica,Rosalina Abranches,female,29/10/1998,132,44,32,84,group B
758165027,Quimica,Rosalina Bivar,female,31/07/1980,172,77,72,78,group E
146493706,Filosofia,Rosalina Chousa,female,31/07/1980,119,32,19,119,group B
420112928,Medicina,Rosalinda Lages,male,31/07/1980,168,61,68,17,group C
889926321,Matematica,Rosalinda Seabra,female,31/07/1980,152,61,52,117,group C
764308584,Engenharia,Rosana Cunha,female,31/07/1980,148,60,48,170,group B
111502178,Filosofia,Rosana Guedes,female,31/07/1980,160,70,60,181,group D
660702562,Engenharia,Rosaura Montero,male,31/07/1980,166,69,66,161,group D
617652670,Quimica,Rosaura Pasos,male,29/10/1998,189,77,89,31,group E
412606470,Engenharia,Rosaura Siebra,female,31/07/1980,142,51,42,19,group B
801312395,Medicina,Rosália Godói,female,29/10/1998,157,73,57,130,group E
396120932,Engenharia,Rosália Miera,male,31/07/1980,170,70,70,191,group D
622138627,Medicina,Rosário Suárez,female,31/07/1980,170,81,70,169,group E
296501225,Filosofia,Rubim Guaraná,male,31/07/1980,169,54,69,80,group E
393898472,Medicina,Ruca Carqueijeiro,female,31/07/1980,152,57,52,116,group C
164621411,Quimica,Ruca Vergueiro,male,29/10/1998,167,68,67,123,group C
603040857,Quimica,Rudá Hilário,male,29/10/1998,176,73,76,106,group C
799858993,Medicina,Rui Rebocho,female,31/07/1980,187,95,87,97,group E
606970791,Filosofia,Rute Ignacio,female,31/07/1980,182,87,82,75,group B
258954388,Filosofia,Rute Méndez,female,31/07/1980,173,78,73,121,group C
523728617,Filosofia,Rute Valverde,male,31/07/1980,175,74,75,89,group A
676709695,Filosofia,Rómulo Delgado,female,31/07/1980,164,75,64,81,group D
142464130,Engenharia,Rómulo Silvestre,female,31/07/1980,141,40,41,5,group E
224913699,Engenharia,Rômulo   Aguiar,male,31/07/1980,190,69,90,30,group C
675235419,Fisica,Rúben Boga,male,31/07/1980,159,51,59,36,group B
419870924,Quimica,Sabina Chaves,male,31/07/1980,151,36,51,172,group A
507319997,Engenharia,Sabino Cisneros,male,31/07/1980,145,49,45,184,group A
183755765,Matematica,Sabino Jordão,female,29/10/1998,154,67,54,3,group C
360599522,Quimica,Salomão Bessa,male,29/10/1998,187,76,87,67,group E
966216470,Engenharia,Salomão Castelbranco,female,31/07/1980,172,83,72,192,group C
990989264,Quimica,Salomão Nolasco,male,29/10/1998,194,87,94,186,group B
813848842,Fisica,Salvador Rosario,female,31/07/1980,145,64,45,103,group A
427773655,Fisica,Salvina Villas Boas,male,29/10/1998,161,76,61,165,group D
838106414,Engenharia,Sancho Cisneiros,female,31/07/1980,160,68,60,115,group B
14651000,Quimica,Sandra Carvalhoso,female,31/07/1980,177,88,77,15,group C
956793074,Quimica,Sandra Faria,female,29/10/1998,185,92,85,82,group A
16978553,Fisica,Sandro Grangeia,female,31/07/1980,178,93,78,176,group D
778505172,Filosofia,Sandro Paixão,male,29/10/1998,149,51,49,195,group E
157964675,Engenharia,Santiago Assunção,female,31/07/1980,171,82,71,147,group B
849384541,Quimica,Santiago Lira,female,31/07/1980,148,52,48,58,group C
182321516,Engenharia,Santiago Padilla,male,31/07/1980,162,58,62,74,group C
301570435,Medicina,Saul Gentil,female,29/10/1998,156,70,56,45,group C
916242426,Quimica,Selma Lancastre,female,31/07/1980,165,76,65,191,group C
925179312,Quimica,Serafim Castel-Branco,female,29/10/1998,169,81,69,130,group D
497695265,Quimica,Serafina Sequera,male,31/07/1980,168,53,68,53,group B
351004498,Filosofia,Sidónio Gois,female,31/07/1980,161,57,61,76,group A
644248734,Fisica,Sidónio Ramires,female,29/10/1998,174,89,74,23,group C
978046667,Fisica,Sidônio   Baía,male,31/07/1980,164,58,64,19,group A
363418877,Engenharia,Silvana Bulhosa,female,29/10/1998,177,89,77,20,group B
435217032,Filosofia,Silvana Filipe,male,31/07/1980,158,45,58,9,group B
202404941,Engenharia,Silvério Fartaria,female,29/10/1998,160,74,60,15,group C
234982964,Engenharia,Silvério Mantas,male,31/07/1980,173,57,73,128,group E
492776723,Engenharia,Silvério Vega,female,29/10/1998,175,79,75,157,group A
191356078,Medicina,Simeão Feijó,male,29/10/1998,158,53,58,22,group B
536996849,Medicina,Simone Cordeiro,female,31/07/1980,166,73,66,185,group C
546590802,Engenharia,Simone Hipólito,female,31/07/1980,139,46,39,26,group D
976557574,Quimica,Simão Cairu,male,31/07/1980,164,51,64,71,group C
319522132,Engenharia,Siquenique Durán,female,29/10/1998,123,36,23,11,group B
798053252,Filosofia,Sofia Quintão,male,29/10/1998,174,76,74,155,group B
471010927,Quimica,Solange Betancour,female,29/10/1998,140,64,40,0,group D
398890945,Matematica,Solange Pádua,male,31/07/1980,190,84,90,32,group E
223987596,Matematica,Solange Vilaverde,male,29/10/1998,191,85,91,12,group C
626884178,Engenharia,Solano Fonseca,male,31/07/1980,164,50,64,21,group D
500726808,Engenharia,Solano Mirandela,female,31/07/1980,159,68,59,132,group C
709122951,Medicina,Sonás Cantanhede,male,31/07/1980,180,69,80,111,group D
500002196,Matematica,Soraia Moreyra,male,31/07/1980,171,67,71,138,group C
929837490,Engenharia,Soraia Nieves,female,31/07/1980,161,63,61,9,group A
61545095,Filosofia,Soraia Pontes,female,31/07/1980,187,93,87,133,group E
942169619,Quimica,Suniário Chamusca,male,31/07/1980,182,61,82,52,group E
612772266,Quimica,Susana Bicalho,male,31/07/1980,162,55,62,92,group C
795653166,Fisica,Sílvia Menna,female,31/07/1980,197,96,97,46,group B
199187629,Filosofia,Sílvia Parente,male,31/07/1980,175,65,75,145,group B
423730548,Fisica,Sílvio Rebocho,female,31/07/1980,165,81,65,112,group C
729459885,Engenharia,Sónia Silveira dos Açores,male,29/10/1998,152,46,52,12,group B
210864656,Medicina,Sônia ou Sonia   Belchiorinho,male,31/07/1980,187,72,87,8,group C
61313633,Medicina,Sônia ou Sonia   Caires,female,31/07/1980,153,53,53,66,group C
796941488,Matematica,Sônia ou Sonia   Jesus,female,31/07/1980,181,87,81,179,group E
685555948,Fisica,Sônia ou Sonia   Medina,male,29/10/1998,139,38,39,59,group D
881016981,Filosofia,Tabalipa Eiró,female,29/10/1998,171,80,71,134,group C
381423533,Medicina,Tabalipa Villanueva,male,31/07/1980,197,91,97,104,group C
63489120,Filosofia,Tadeu Bautista,male,29/10/1998,182,88,82,124,group D
493738020,Engenharia,Tainá Torres,male,31/07/1980,159,52,59,9,group C
775041852,Medicina,Tairine Camacho,male,31/07/1980,161,41,61,184,group B
175978547,Medicina,Tairine Chávez,male,29/10/1998,178,72,78,143,group E
844907683,Medicina,Tarrataca Souto Maior,male,31/07/1980,149,51,49,113,group C
636333307,Engenharia,Tatiana Botica,male,31/07/1980,159,47,59,150,group B
975950116,Filosofia,Tatiana Espartero,female,29/10/1998,170,76,70,109,group C
777203181,Medicina,Tatiana Guerra,male,29/10/1998,182,78,82,41,group B
238721019,Medicina,Telma Carqueijeiro,male,31/07/1980,190,82,90,88,group E
621763080,Fisica,Telmo Júdice,female,31/07/1980,143,61,43,171,group C
43072218,Filosofia,Telo Cartaxo,male,31/07/1980,180,66,80,160,group C
141420491,Filosofia,Telo Cirne,male,31/07/1980,181,84,81,28,group D
969290207,Quimica,Telo Guará,male,31/07/1980,157,54,57,62,group C
930854116,Quimica,Teodora Leal,female,31/07/1980,159,80,59,163,group D
369397647,Medicina,Teodora Marañón,female,31/07/1980,164,74,64,197,group D
96402605,Fisica,Teodorico Cayubi,male,29/10/1998,163,66,63,28,group C
14671478,Fisica,Teodoro Dantas,female,29/10/1998,171,70,71,34,group E
530659651,Engenharia,Teodoro Salles,female,31/07/1980,164,71,64,163,group B
952134995,Fisica,Teresa Espartero,male,31/07/1980,155,44,55,195,group D
821102301,Medicina,Teresa Otero,female,31/07/1980,151,54,51,198,group E
528484686,Medicina,Tibúrcio Albernaz,female,29/10/1998,162,80,62,11,group C
591440817,Medicina,Tibúrcio Blanco,female,29/10/1998,193,95,93,103,group E
585433859,Engenharia,Tibúrcio Caldeira,male,31/07/1980,154,59,54,63,group C
387263478,Filosofia,Tibúrcio Quintais,female,31/07/1980,169,74,69,152,group D
669737866,Engenharia,Timóteo Tamoio,male,31/07/1980,144,48,44,54,group D
906716636,Filosofia,Timóteo Vides,female,29/10/1998,186,91,86,83,group E
731280947,Medicina,Tobias Mesquita,female,31/07/1980,185,85,85,123,group E
634792263,Matematica,Tobias Torcuato,female,31/07/1980,150,73,50,178,group A
903748893,Quimica,Tomásia Tabosa,male,29/10/1998,188,75,88,17,group D
786799037,Medicina,Tomásia Temes,female,31/07/1980,159,69,59,75,group E
227902222,Quimica,Tomé Ribas,female,31/07/1980,132,38,32,50,group E
1401832,Engenharia,Tomé Xavier,male,31/07/1980,136,27,36,119,group B
443750183,Quimica,Trajano Fitas,female,29/10/1998,163,79,63,118,group B
872987036,Medicina,Trajano Moita,male,29/10/1998,167,63,67,196,group D
554574287,Quimica,Tália Azeredo,female,29/10/1998,165,82,65,132,group D
181928632,Matematica,Tália Durão,male,31/07/1980,185,89,85,150,group D
765458163,Matematica,Tânia Nóbrega,female,31/07/1980,173,74,73,120,group C
402601768,Engenharia,Tânia Osorio,female,29/10/1998,134,41,34,28,group A
587567210,Fisica,Tércio Caldeira,female,29/10/1998,193,100,93,28,group D
653848558,Quimica,Ubajara Regalado,female,31/07/1980,167,84,67,39,group D
545834143,Filosofia,Ubirajara Canto,male,31/07/1980,188,77,88,24,group D
944302199,Engenharia,Ubiratã Amorim,male,31/07/1980,157,51,57,84,group B
654012555,Filosofia,Ubiratã Rosário,female,29/10/1998,179,91,79,126,group D
172906354,Fisica,Ulisses Bicalho,female,31/07/1980,167,72,67,5,group C
952458846,Fisica,Ulrico Parahyba,male,29/10/1998,170,70,70,72,group E
518628944,Fisica,Urbano Bentes,male,31/07/1980,150,48,50,167,group D
218809857,Filosofia,Urânia Aldeia,female,31/07/1980,169,82,69,179,group A
316402770,Fisica,Valdeci Arantes,female,29/10/1998,152,66,52,175,group C
941387954,Fisica,Valdeci Faria,female,29/10/1998,147,66,47,45,group C
320481741,Medicina,Valdeci Godinho,female,31/07/1980,146,55,46,1,group B
724255455,Filosofia,Valdeci Malta,female,31/07/1980,168,66,68,105,group E
31567604,Fisica,Valentim Alcantara,male,29/10/1998,200,100,100,162,group E
109051324,Engenharia,Valentim Godoy,female,31/07/1980,144,52,44,4,group C
968243267,Medicina,Valéria Amaro,female,29/10/1998,157,80,57,127,group C
942897840,Filosofia,Valéria Rosmaninho,male,29/10/1998,191,91,91,35,group B
932579684,Engenharia,Valério Ornelas,male,31/07/1980,169,67,69,122,group D
687704195,Engenharia,Vanda Blanco,female,31/07/1980,135,46,35,77,group C
318520750,Engenharia,Vanderlei Cabeça de Vaca,male,31/07/1980,172,66,72,2,group D
701194028,Medicina,Vasco Eanes,female,31/07/1980,154,65,54,12,group B
782176987,Engenharia,Vera Correa,male,31/07/1980,174,69,74,126,group D
474133460,Quimica,Vera Ginjeira,male,29/10/1998,174,60,74,113,group E
405983776,Medicina,Veridiana Santarém,male,31/07/1980,164,52,64,51,group E
984861598,Engenharia,Veridiano Pêcego,female,29/10/1998,165,71,65,165,group D
192433669,Medicina,Veridiano Saldaña,male,29/10/1998,146,44,46,101,group E
837767841,Quimica,Veridiano Valério,female,31/07/1980,148,51,48,132,group C
994535084,Filosofia,Veríssimo Bacelar,male,29/10/1998,167,70,67,150,group C
246391594,Filosofia,Veríssimo Neves,male,31/07/1980,162,62,62,178,group D
84162960,Medicina,Verónica Fitas,male,29/10/1998,161,73,61,6,group D
467036094,Fisica,Verónica Guedes,male,29/10/1998,170,74,70,194,group C
559058431,Medicina,Verônica   Laureano,male,29/10/1998,198,90,98,138,group C
201007702,Filosofia,Verônica   Nascimento,male,31/07/1980,170,58,70,168,group D
855538176,Medicina,Vicente Conceição,male,31/07/1980,167,53,67,121,group A
181761998,Engenharia,Virgília Esteves,female,31/07/1980,157,57,57,93,group E
256246305,Filosofia,Virgília Peseiro,male,29/10/1998,185,85,85,81,group D
519427293,Quimica,Virgílio Beiriz,male,29/10/1998,177,69,77,124,group D
527906595,Matematica,Virgínia Murtinho,male,29/10/1998,172,72,72,70,group C
964581696,Matematica,Viriato Tamoio,female,31/07/1980,178,96,78,4,group D
588516702,Engenharia,Vitória Moutinho,male,31/07/1980,181,64,81,112,group C
604100525,Quimica,Vivaldo Monte,male,29/10/1998,161,61,61,38,group A
360403749,Engenharia,Viviana Vasques,female,31/07/1980,158,61,58,4,group B
345812214,Medicina,Viviana Villena,female,31/07/1980,154,58,54,77,group C
16787499,Engenharia,Vlademiro Bensaúde,male,31/07/1980,182,80,82,96,group B
70173776,Filosofia,Vlademiro Soto,female,31/07/1980,149,60,49,134,group D
554858997,Quimica,Vânia Sá,male,29/10/1998,149,52,49,53,group B
413897333,Engenharia,Vítor ou Victor Ferreyra,female,29/10/1998,157,73,57,170,group E
735883699,Engenharia,Xavier Novalles,male,31/07/1980,194,71,94,99,group E
643243841,Filosofia,Xerxes Mexia,female,29/10/1998,175,83,75,64,group D
708615066,Quimica,Xerxes Tévez,female,31/07/1980,174,72,74,124,group E
17500841,Engenharia,Xerxes Valgueiro,male,29/10/1998,158,54,58,9,group C
190610972,Filosofia,Xerxes Vilhena,female,31/07/1980,162,69,62,195,group C
933040345,Medicina,Xico Sabala,male,31/07/1980,172,62,72,74,group E
615268466,Filosofia,Ximena Aldea,male,31/07/1980,184,81,84,197,group C
175513249,Matematica,Ximena Gil,female,31/07/1980,192,100,92,150,group D
681036962,Engenharia,Ximeno Reyes,female,31/07/1980,145,59,45,30,group D
945493115,Engenharia,Ximeno Torcato,male,31/07/1980,175,71,75,48,group C
861968690,Filosofia,Xisto Palha,female,31/07/1980,156,64,56,152,group A
317682904,Quimica,Xisto Peña,female,31/07/1980,148,53,48,66,group D
582279283,Medicina,Xênia   Marmou,female,31/07/1980,200,100,100,106,group E
255212500,Quimica,Xênia   Sousa,female,29/10/1998,165,75,65,169,group C
426798955,Filosofia,Zara Sacramento,male,31/07/1980,172,58,72,45,group D
741278498,Filosofia,Zeferino Gomide,female,31/07/1980,162,72,62,33,group D
287107126,Quimica,Zenaide Balsemão,male,29/10/1998,166,64,66,173,group A
476230253,Filosofia,Zenaide Piteira,male,31/07/1980,163,60,63,75,group C
140892317,Medicina,Zilda Canhão,female,31/07/1980,168,67,68,165,group E
588134105,Fisica,Zilda Diegues,female,31/07/1980,175,80,75,94,group B
968921089,Fisica,Zilda Gallindo,female,31/07/1980,189,100,89,26,group D
40919457,Quimica,Zoe Prado,male,29/10/1998,178,69,78,96,group C
447320709,Engenharia,Zubaida Milheirão,female,29/10/1998,153,60,53,58,group A
721624536,Filosofia,Zulmira Capiperibe,female,31/07/1980,149,61,49,9,group D
658183903,Filosofia,Zuriel Viveros,female,31/07/1980,154,67,54,18,group A
325331703,Filosofia,Zélia Lozada,female,29/10/1998,164,77,64,145,group C
362427267,Filosofia,Zélia Ríos,male,29/10/1998,160,60,60,99,group B
114562898,Medicina,Álvaro Uchoa,male,31/07/1980,162,58,62,147,group C
927132349,Engenharia,Álvaro Vila-Chã,male,29/10/1998,155,48,55,25,group D
843760695,Medicina,Ângela Souto Maior,female,31/07/1980,191,94,91,29,group C
925154621,Engenharia,Ângelo Camello,female,31/07/1980,108,23,8,175,group B
746708390,Quimica,Ângelo Castillo,male,31/07/1980,181,78,81,182,group D
685608251,Quimica,Ângelo Festas,male,29/10/1998,179,86,79,12,group B
576161176,Filosofia,Ângelo Vilanova,female,29/10/1998,178,91,78,186,group A
706055074,Quimica,Élvio Vázquez,female,31/07/1980,174,82,74,20,group C
554517447,Engenharia,Énia Freire,male,31/07/1980,157,54,57,157,group A
205104924,Medicina,Énia Otero,female,31/07/1980,140,51,40,134,group C
489122775,Quimica,Érica Gonsalves,male,29/10/1998,181,76,81,83,group E
140051416,Quimica,Érico Brión,female,31/07/1980,144,45,44,102,group A
675966264,Filosofia,Érico Junqueira,female,29/10/1998,167,83,67,56,group D
508632412,Engenharia,Érico Valladares,male,29/10/1998,186,75,86,59,group E
964418483,Quimica,Íris Aleixo,female,29/10/1998,165,78,65,63,group B
545649479,Medicina,Íris Rúa,female,31/07/1980,155,76,55,76,group D
89718896,Fisica,Ítala Abranches,female,31/07/1980,162,74,62,184,group D
690763376,Engenharia,Ítalo Palhares,male,31/07/1980,163,62,63,167,group A
158717883,Matematica,Ítalo Rebocho,female,29/10/1998,188,95,88,82,group E
698186971,Engenharia,Ítalo Varela,male,31/07/1980,162,55,62,138,group C
760609279,Engenharia,Óscar Cairu,female,29/10/1998,159,65,59,84,group C
565228873,Filosofia,Óscar Muniz,female,29/10/1998,168,77,68,193,group D
283875469,Filosofia,Óscar Novaes,female,31/07/1980,177,86,77,0,group D